year,quarter,revenue_inr_crores,ebitda_inr_crores,ebitda_margin_pct,pat_inr_crores,roa_pct,roe_pct,debt_equity_ratio,cost_of_capital_pct,pe_ratio,carbon_tax_exposure_lakhs,energy_cost_inr_crores,employee_turnover_pct,brand_value_index,talent_retention_score,esg_linked_capex_inr_crores
2015,Q1,369.39,76.1,20.6,41.87,7.08,13.46,0.833,11.14,21.2,37.2,11.88,17.4,64.4,73.1,13.32
2015,Q2,366.0,61.97,16.93,41.48,6.35,15.15,0.757,10.51,18.6,34.5,10.7,17.14,68.5,79.8,12.09
2015,Q3,391.15,85.87,21.95,52.66,8.04,13.56,0.554,10.99,21.2,40.0,13.52,17.24,65.6,76.0,17.65
2015,Q4,406.39,92.71,22.81,55.07,5.49,13.68,0.594,10.88,17.7,39.5,13.14,15.27,69.8,74.7,17.39
2016,Q1,413.86,76.41,18.46,46.26,7.55,13.55,0.522,10.91,22.2,41.7,13.64,14.9,66.6,79.8,22.66
2016,Q2,383.34,74.66,19.48,50.46,7.66,13.01,0.733,10.7,17.8,39.4,12.26,13.79,66.1,76.5,13.41
2016,Q3,425.83,92.3,21.68,51.03,7.71,13.84,0.656,10.67,18.7,32.5,13.92,15.94,63.7,74.7,15.08
2016,Q4,437.33,91.94,21.02,59.35,6.46,10.39,0.759,10.69,18.3,30.4,14.91,15.12,69.2,76.6,23.81
2017,Q1,429.71,98.13,22.84,65.39,5.74,14.91,0.546,10.81,15.1,30.7,13.98,15.81,68.2,80.3,17.93
2017,Q2,397.77,89.35,22.46,55.0,5.66,15.45,0.539,10.7,14.9,30.8,12.73,15.05,70.6,75.0,13.3
2017,Q3,455.82,95.06,20.85,63.45,8.66,15.15,0.754,10.37,17.2,40.4,13.0,17.35,69.4,77.9,19.36
2017,Q4,451.98,96.18,21.28,59.39,7.87,15.52,0.77,10.99,19.7,32.3,11.92,17.94,69.2,75.7,21.86
2018,Q1,460.89,90.69,19.68,56.1,7.03,12.93,0.537,11.1,17.0,35.4,15.4,16.49,69.2,75.9,22.62
2018,Q2,425.32,88.06,20.7,54.05,6.02,11.7,0.595,10.83,20.4,32.0,10.93,14.29,71.0,78.1,17.21
2018,Q3,471.3,96.87,20.55,65.37,8.28,14.97,0.612,10.55,22.9,40.6,15.25,15.44,69.4,81.4,21.86
2018,Q4,477.2,99.22,20.79,62.59,7.83,15.09,0.504,10.91,22.8,40.0,16.59,14.96,70.1,77.7,32.18
2019,Q1,487.55,114.13,23.41,70.74,9.15,16.07,0.501,9.98,28.1,36.7,13.5,12.65,69.5,80.6,35.25
2019,Q2,444.87,89.93,20.21,59.9,6.8,15.49,0.567,9.78,21.4,31.1,14.74,14.02,70.2,78.7,23.62
2019,Q3,507.94,113.47,22.34,68.97,7.34,13.8,0.486,10.86,25.9,32.0,15.77,18.23,73.5,81.1,28.4
2019,Q4,504.2,116.12,23.03,65.14,8.48,15.63,0.571,10.7,16.9,42.8,16.85,15.96,72.7,77.8,38.73
2020,Q1,505.65,103.37,20.44,64.27,7.27,14.2,0.531,10.29,22.8,35.3,14.72,12.0,70.8,73.2,35.85
2020,Q2,496.99,106.43,21.42,63.17,9.39,16.85,0.539,10.17,21.5,41.4,16.77,14.59,69.9,79.1,23.96
2020,Q3,531.32,116.94,22.01,78.93,6.4,15.27,0.503,10.45,21.1,35.0,15.42,14.1,70.5,79.4,41.42
2020,Q4,545.73,120.74,22.12,68.03,6.65,14.59,0.524,9.9,25.1,48.1,18.76,14.37,68.8,78.9,34.41
2021,Q1,554.78,137.9,24.86,79.28,7.6,16.97,0.402,10.74,17.5,47.2,16.18,13.96,68.3,80.3,41.85
2021,Q2,509.05,113.33,22.26,66.72,9.08,15.25,0.375,10.46,21.4,41.1,16.5,14.81,69.1,78.5,44.0
2021,Q3,544.88,123.93,22.75,78.84,5.43,14.56,0.614,10.2,22.3,34.9,14.64,13.26,73.5,77.9,31.62
2021,Q4,582.01,135.32,23.25,82.25,7.98,17.3,0.476,10.59,21.7,48.9,19.26,14.94,70.6,80.8,39.1
2022,Q1,568.35,124.33,21.88,79.42,10.18,16.43,0.533,10.07,15.9,37.1,17.71,14.46,74.8,80.3,52.39
2022,Q2,553.22,124.79,22.56,77.03,8.04,15.25,0.396,10.07,21.9,31.2,16.53,11.92,70.7,82.5,48.72
2022,Q3,600.86,137.05,22.81,93.13,9.62,15.17,0.524,10.78,23.8,35.2,16.2,14.99,70.4,77.5,47.56
2022,Q4,595.89,145.65,24.44,80.23,9.62,18.08,0.48,10.98,21.9,35.2,19.22,16.33,71.9,77.6,59.7
2023,Q1,599.3,146.32,24.42,95.47,7.11,16.94,0.396,10.42,22.5,39.8,16.97,12.31,71.8,80.0,53.17
2023,Q2,564.4,136.42,24.17,82.58,7.85,15.43,0.501,10.96,23.0,31.7,19.68,15.03,73.4,78.5,63.16
2023,Q3,635.14,162.95,25.66,92.74,8.11,17.25,0.405,9.81,17.7,50.9,18.36,12.62,75.9,78.1,70.56
2023,Q4,630.35,139.35,22.11,83.27,9.53,15.4,0.399,9.55,23.5,42.3,18.36,13.6,73.9,80.0,64.68
2024,Q1,649.96,160.01,24.62,97.29,9.5,16.94,0.39,10.22,28.3,41.1,19.39,12.72,74.1,82.0,49.81
2024,Q2,610.33,147.12,24.1,92.45,8.87,17.6,0.367,10.57,18.3,41.9,18.12,13.66,78.7,79.9,40.14
2024,Q3,649.29,146.59,22.58,81.64,8.3,16.57,0.411,10.12,24.8,32.5,20.02,13.37,73.0,80.9,42.96
2024,Q4,661.16,149.72,22.64,91.95,6.98,19.45,0.341,9.86,21.5,49.2,22.0,12.8,72.1,82.0,62.21
